Joseph Airdo,Consumer
Trudy Bell,Consumer
Jamie Frazer,Small Business
Benjamin Patterson,Corporate
Sylvia Foulston,Home Office
Angele Hood,Consumer
Anemone Ratner,Small Business
Brian Derr,Small Business
Troy Staebel,Small Business
Nathan Gelder,Home Office
Justin Knight,Corporate
Jill Stevenson,Consumer
Bryan Davis,Corporate
Sung Pak,Small Business
Karen Carlisle,Home Office
Jonathan Howell,Consumer
Maribeth Yedwab,Home Office
Joni Sundaresam,Home Office
Valerie Takahito,Consumer
Scot Coram,Corporate
Doug Bickford,Small Business
Max Engle,Corporate
Aleksandra Gannaway,Corporate
Alan Haines,Home Office
Susan Gilcrest,Home Office
Frank Olsen,Small Business
Michelle Moray,Corporate
Neil Knudson,Home Office
Neoma Murray,Small Business
Sarah Jordon,Consumer
Natalie Webber,Corporate
Richard Bierner,Small Business
Katherine Murray,Home Office
Michael Grace,Corporate
Frank Atkinson,Corporate
Shirley Daniels,Corporate
Michelle Ellison,Consumer
Carl Weiss,Consumer
Brad Eason,Small Business
Julia West,Home Office
Edward Becker,Corporate
MaryBeth Skach,Home Office
Ricardo Emerson,Corporate
Dennis Pardue,Corporate
Jennifer Ferguson,Corporate
Alan Schoenberger,Corporate
Greg Guthrie,Corporate
Aimee Bixby,Home Office
Dennis Bolton,Small Business
Lisa DeCherney,Corporate
Tony Sayre,Small Business
Doug Bickford,Corporate
Hunter Glantz,Corporate
Richard Eichhorn,Consumer
Theone Pippenger,Corporate
Fred Harton,Home Office
Caroline Jumper,Corporate
Mick Hernandez,Home Office
Rob Haberlin,Corporate
Cindy Chapman,Consumer
Rick Wilson,Corporate
Luke Weiss,Corporate
Michael Chen,Consumer
Quincy Jones,Corporate
Kean Nguyen,Small Business
Delfina Latchford,Small Business
Alejandro Grove,Consumer
Irene Maddox,Consumer
Alejandro Savely,Corporate
Joe Elijah,Home Office
Emily Grady,Home Office
Quincy Jones,Home Office
Henry MacAllister,Small Business
Beth Fritzler,Small Business
Michael Dominguez,Home Office
Frank Gastineau,Small Business
Sibella Parks,Small Business
Mark Van Huff,Home Office
Julia West,Consumer
Roland Murray,Home Office
Bryan Mills,Corporate
Georgia Rosenberg,Consumer
Phillip Flathmann,Small Business
Lycoris Saunders,Corporate
Roland Fjeld,Corporate
Peter Buhler,Consumer
Katherine Ducich,Corporate
Charlotte Melton,Home Office
Eudokia Martin,Home Office
Kean Nguyen,Corporate
Michelle Tran,Home Office
Bill Shonely,Small Business
Arthur Wiediger,Corporate
Karen Ferguson,Corporate
Katrina Bavinger,Home Office
Edward Hooks,Consumer
Ed Jacobs,Small Business
Kelly Andreada,Home Office
Helen Wasserman,Home Office
Joni Wasserman,Consumer
Randy Bradley,Corporate
Speros Goranitis,Corporate
Sanjit Engle,Home Office
Aaron Smayling,Small Business
Roy Skaria,Corporate
Jeremy Ellison,Small Business
Gary Mitchum,Consumer
Dario Medina,Small Business
Victoria Brennan,Small Business
Nicole Fjeld,Small Business
Stephanie Phelps,Consumer
Annie Thurman,Consumer
Quincy Jones,Small Business
Thea Hudgings,Consumer
Dave Kipp,Consumer
Dean Percer,Consumer
Adam Bellavance,Small Business
Toby Knight,Consumer
Dennis Bolton,Consumer
Stefania Perrino,Corporate
Nicole Brennan,Consumer
Cindy Stewart,Consumer
Valerie Dominguez,Corporate
Dave Brooks,Corporate
Andy Yotov,Corporate
Pauline Chand,Corporate
Harold Engle,Home Office
Joy Smith,Corporate
Andy Reiter,Corporate
Allen Golden,Consumer
Matt Hagelstein,Home Office
Christy Brittain,Consumer
Bobby Odegard,Corporate
Frank Hawley,Home Office
Nick Radford,Corporate
Randy Ferguson,Corporate
Joel Jenkins,Corporate
Shahid Collister,Home Office
Anne Pryor,Corporate
Ralph Arnett,Consumer
Frank Merwin,Consumer
Lela Donovan,Corporate
Aaron Bergman,Corporate
Marc Crier,Consumer
Grant Carroll,Corporate
Jill Fjeld,Home Office
Ryan Akin,Consumer
Christine Phan,Small Business
Vivian Mathis,Home Office
Lauren Leatherbury,Home Office
Rick Hansen,Home Office
Randy Bradley,Small Business
Sally Knutson,Corporate
Jonathan Doherty,Corporate
Toby Swindell,Small Business
Rob Dowd,Corporate
William Brown,Corporate
Erin Mull,Corporate
Giulietta Dortch,Small Business
Kelly Williams,Corporate
Keith Dawkins,Home Office
Toby Braunhardt,Corporate
Chad Sievert,Corporate
Mike Kennedy,Corporate
Nora Pelletier,Corporate
Gary Hansen,Consumer
Bruce Money,Corporate
Mitch Gastineau,Corporate
Craig Rider,Small Business
Naresj Patel,Corporate
Dan Lawera,Corporate
Andrew Roberts,Home Office
Pauline Chand,Small Business
Nora Price,Small Business
Jesus Ocampo,Small Business
Andrew Allen,Corporate
John Stevenson,Small Business
John Castell,Small Business
Giulietta Weimer,Home Office
Cindy Schnelling,Corporate
Trudy Brown,Small Business
Kelly Lampkin,Corporate
Mick Crebagga,Corporate
Shaun Weien,Home Office
Becky Castell,Consumer
Christopher Conant,Consumer
Michael Paige,Small Business
Giulietta Dortch,Consumer
Fred Wasserman,Home Office
Sean Wendt,Corporate
Craig Molinari,Small Business
Duane Benoit,Home Office
Cyma Kinney,Small Business
Khloe Miller,Consumer
Bill Stewart,Corporate
Hallie Redmond,Small Business
Tom Boeckenhauer,Corporate
Karen Seio,Consumer
Craig Leslie,Consumer
Sally Matthias,Corporate
Carlos Meador,Consumer
Ken Dana,Corporate
Bart Pistole,Consumer
Paul Gonzalez,Corporate
Stuart Calhoun,Consumer
Jason Gross,Small Business
Brian Stugart,Consumer
Erin Ashbrook,Consumer
Jason Klamczynski,Home Office
Darren Budd,Corporate
Russell Applegate,Small Business
Arthur Gainer,Corporate
Tracy Collins,Consumer
Eric Murdock,Home Office
Ricardo Block,Corporate
Bill Eplett,Corporate
Steve Chapman,Corporate
Michael Moore,Corporate
Dennis Pardue,Small Business
Sung Chung,Home Office
Hilary Holden,Corporate
Mary Zewe,Corporate
Harry Marie,Consumer
Justin Deggeller,Corporate
John Castell,Consumer
Mitch Gastineau,Small Business
Rick Bensley,Consumer
Eleni McCrary,Corporate
Darrin Van Huff,Home Office
Tim Taslimi,Corporate
Dorris Love,Corporate
Mary O'Rourke,Home Office
Becky Martin,Home Office
David Kendrick,Home Office
Mike Gockenbach,Consumer
Maureen Grace,Corporate
Greg Matthias,Home Office
Paul Lucas,Corporate
Juliana Krohn,Small Business
Amy Hunt,Small Business
Mark Cousins,Corporate
Greg Guthrie,Small Business
Charles Crestani,Consumer
Bruce Degenhardt,Home Office
Eugene Hildebrand,Home Office
Yana Sorensen,Corporate
Victoria Pisteka,Corporate
Jack O'Briant,Home Office
Dorothy Dickinson,Corporate
Annie Thurman,Home Office
Erin Creighton,Corporate
Craig Yedwab,Corporate
Christine Sundaresam,Small Business
Kristen Hastings,Small Business
Kimberly Carter,Home Office
Alex Russell,Home Office
Laura Armstrong,Small Business
Melanie Page,Corporate
Mark Hamilton,Home Office
Fred Chung,Corporate
Maria Etezadi,Home Office
Jay Kimmel,Small Business
Damala Kotsonis,Corporate
Shaun Chance,Corporate
Carol Triggs,Home Office
George Bell,Corporate
Don Jones,Corporate
Sanjit Jacobs,Consumer
Ted Trevino,Corporate
Marina Lichtenstein,Corporate
Barry Gonzalez,Small Business
Ann Steele,Corporate
Philip Fox,Home Office
Paul Knutson,Corporate
Kristina Nunn,Consumer
Bobby Trafton,Corporate
John Lucas,Small Business
Lena Radford,Small Business
Tony Molinari,Corporate
Brian Dahlen,Small Business
Thomas Thornton,Consumer
Nat Gilpin,Consumer
Philisse Overcash,Small Business
Dean Percer,Home Office
Tracy Blumstein,Home Office
Scott Williamson,Small Business
Harold Dahlen,Consumer
Robert Barroso,Small Business
Corey Roper,Small Business
Fred McMath,Small Business
Maribeth Dona,Home Office
Stewart Carmichael,Corporate
Ionia McGrath,Small Business
Bill Donatelli,Small Business
Lena Creighton,Home Office
Logan Currie,Small Business
Susan Vittorini,Home Office
Sample Company A,Home Office
Ross DeVincentis,Corporate
Joy Daniels,Corporate
Erin Mull,Small Business
Steven Ward,Consumer
Darrin Sayre,Consumer
Alejandro Ballentine,Small Business
Muhammed MacIntyre,Small Business
Alex Avila,Home Office
Sean Christensen,Home Office
Frank Carlisle,Small Business
Jamie Kunitz,Corporate
Roy French,Consumer
Michelle Tran,Corporate
Grant Donatelli,Consumer
Carlos Soltero,Consumer
Liz Thompson,Corporate
Gary Zandusky,Home Office
Randy Ferguson,Home Office
Natalie Fritzler,Home Office
Roland Black,Small Business
Mike Caudle,Corporate
Eileen Kiefer,Consumer
Shui Tom,Consumer
Dianna Wilson,Small Business
Guy Armstrong,Corporate
Sarah Brown,Consumer
Christina Anderson,Corporate
Neil Ducich,Home Office
Laura Armstrong,Corporate
Eva Jacobs,Home Office
Maria Bertelson,Home Office
Edward Becker,Home Office
Rick Reed,Consumer
Dave Poirier,Small Business
Thea Hendricks,Home Office
Chad McGuire,Small Business
Katharine Harms,Consumer
Noel Staavos,Home Office
Karen Carlisle,Corporate
Muhammed Lee,Corporate
Art Foster,Home Office
Allen Rosenblatt,Small Business
Alyssa Tate,Small Business
Grant Thornton,Corporate
Anthony Rawles,Small Business
Lynn Smith,Corporate
Debra Catini,Small Business
Nora Price,Home Office
Nancy Lomonaco,Home Office
Bradley Drucker,Small Business
Joel Eaton,Home Office
Bradley Talbott,Corporate
Roy Phan,Corporate
Neil Knudson,Corporate
Matt Collister,Home Office
Susan Pistek,Home Office
Claire Good,Home Office
Darren Koutras,Consumer
Rose O'Brian,Home Office
Bradley Nguyen,Consumer
Lauren Leatherbury,Corporate
Maxwell Schwartz,Corporate
Vivian Mathis,Corporate
Carl Jackson,Home Office
Rick Hansen,Corporate
Greg Matthias,Small Business
Jennifer Patt,Home Office
Tanja Norvell,Corporate
Elpida Rittenbach,Consumer
Sandra Flanagan,Home Office
Anthony O'Donnell,Corporate
Sylvia Foulston,Corporate
Ionia McGrath,Home Office
Claudia Miner,Small Business
Kelly Lampkin,Home Office
Adam Hart,Corporate
Victor Price,Consumer
Andrew Roberts,Small Business
Shirley Schmidt,Corporate
Jim Epp,Small Business
Jennifer Halladay,Home Office
Valerie Mitchum,Home Office
Giulietta Baptist,Home Office
Denise Leinenbach,Home Office
Paul Van Hugh,Corporate
Matthew Clasen,Consumer
Anna Andreadi,Small Business
Natalie DeCherney,Consumer
John Murray,Small Business
Khloe Miller,Home Office
Greg Hansen,Home Office
Gary Hwang,Home Office
Phillina Ober,Small Business
Bryan Spruell,Home Office
Nora Paige,Small Business
Liz Pelletier,Home Office
Karen Bern,Corporate
Evan Minnotte,Corporate
Saphhira Shifley,Consumer
Bruce Stewart,Corporate
Roger Demir,Consumer
Rick Huthwaite,Corporate
Ben Ferrer,Corporate
Denny Ordway,Small Business
Thomas Seio,Home Office
Jennifer Braxton,Small Business
Suzanne McNair,Small Business
Guy Thornton,Corporate
Keith Herrera,Corporate
Alice McCarthy,Corporate
Mark Packer,Small Business
Tony Chapman,Consumer
Pierre Wener,Home Office
Logan Haushalter,Corporate
Lindsay Castell,Small Business
Jim Radford,Corporate
Chris Cortes,Consumer
Nicole Brennan,Home Office
Keith Herrera,Small Business
Tamara Willingham,Home Office
Michelle Ellison,Home Office
Neil French,Corporate
Christine Abelman,Corporate
Luke Schmidt,Home Office
Jason Klamczynski,Small Business
Karl Brown,Home Office
Ryan Crowe,Small Business
Art Ferguson,Corporate
Julie Kriz,Corporate
Doug Jacobs,Home Office
Liz Carlisle,Corporate
David Smith,Small Business
Henia Zydlo,Home Office
Harold Engle,Consumer
Eugene Moren,Home Office
Dave Hallsten,Home Office
Patrick Bzostek,Consumer
Mick Brown,Consumer
Anna Chung,Home Office
Rob Beeghly,Consumer
Dorothy Badders,Home Office
Odella Nelson,Small Business
Bradley Talbott,Small Business
Joy Bell,Home Office
Kalyca Meade,Corporate
Corinna Mitchell,Corporate
Sonia Sunley,Corporate
Bill Donatelli,Corporate
Thomas Boland,Corporate
Vivek Grady,Home Office
Carol Darley,Home Office
Anna Haberlin,Corporate
Bart Pistole,Home Office
Gene Hale,Consumer
Michael Kennedy,Corporate
Hallie Redmond,Home Office
Katrina Willman,Consumer
Brad Thomas,Corporate
Sarah Bern,Corporate
Denny Blanton,Home Office
Pauline Webber,Consumer
Adrian Barton,Small Business
Julia West,Small Business
Lisa Hazard,Home Office
David Wiener,Consumer
Larry Tron,Corporate
Liz Price,Consumer
Jeremy Farry,Small Business
Rick Duston,Corporate
Resi Polking,Small Business
Gary McGarr,Home Office
Sue Ann Reed,Consumer
Sonia Sunley,Small Business
Shirley Jackson,Corporate
Cassandra Brandow,Home Office
Jack O'Briant,Small Business
Lindsay Shagiari,Home Office
James Lanier,Corporate
Katherine Nockton,Home Office
Nicole Hansen,Corporate
Jeremy Lonsdale,Corporate
Jim Sink,Corporate
Tracy Zic,Consumer
Craig Yedwab,Consumer
Muhammed Lee,Consumer
Natalie Webber,Consumer
John Dryer,Corporate
Gene McClure,Home Office
Mark Cousins,Home Office
Kristen Hastings,Corporate
Alan Dominguez,Corporate
Bill Overfelt,Corporate
Neola Schneider,Home Office
Lena Cacioppo,Home Office
Ken Heidel,Corporate
Maureen Gastineau,Consumer
Philip Brown,Corporate
Paul Stevenson,Corporate
Cynthia Delaney,Home Office
Jeremy Pistek,Corporate
Thais Sissman,Corporate
Chuck Magee,Corporate
Pamela Coakley,Corporate
Tom Stivers,Small Business
Brian Moss,Corporate
Stephanie Ulpright,Consumer
Julie Creighton,Corporate
Ann Blume,Corporate
Dorothy Wardle,Corporate
Dan Campbell,Corporate
Mitch Willingham,Corporate
Bart Folk,Corporate
Art Miller,Corporate
Roger Barcio,Corporate
Shahid Shariari,Consumer
Lindsay Williams,Corporate
Barry Franz,Corporate
Erica Smith,Small Business
Jason Fortune,Corporate
Rick Wilson,Consumer
Saphhira Shifley,Corporate
Sara Luxemburg,Corporate
Rachel Payne,Consumer
Shui Tom,Home Office
Monica Federle,Corporate
Michael Granlund,Home Office
Giulietta Weimer,Corporate
Carol Adams,Corporate
Craig Carreira,Corporate
Ted Butterfield,Corporate
Mike Pelletier,Small Business
Michael Nguyen,Small Business
Kean Thornton,Corporate
Ashley Jarboe,Home Office
Charles Sheldon,Corporate
Joe Kamberova,Small Business
Frank Merwin,Corporate
Maria Bertelson,Corporate
Tom Zandusky,Home Office
Steve Nguyen,Consumer
Laurel Elliston,Home Office
Alex Grayson,Consumer
Todd Boyes,Small Business
Nicole Hansen,Small Business
Dave Kipp,Corporate
Sara Luxemburg,Small Business
Anne Pryor,Consumer
Rob Williams,Home Office
Kean Takahito,Home Office
Susan MacKendrick,Corporate
Vivek Gonzalez,Consumer
Sanjit Chand,Home Office
Joy Smith,Consumer
Patricia Hirasaki,Home Office
Liz Willingham,Home Office
Patrick O'Brill,Home Office
Aaron Hawkins,Home Office
Cari Sayre,Corporate
John Lee,Corporate
Larry Hughes,Home Office
Liz MacKendrick,Corporate
Astrea Jones,Corporate
Janet Molinari,Corporate
Rob Haberlin,Consumer
Tamara Manning,Corporate
Matt Abelman,Consumer
Jim Mitchum,Consumer
Brian Thompson,Home Office
Thomas Brumley,Consumer
Nathan Mautz,Home Office
Lena Hernandez,Home Office
Arianne Irving,Corporate
Tamara Chand,Consumer
Tracy Hopkins,Small Business
Xylona Price,Corporate
Benjamin Venier,Small Business
Bill Tyler,Consumer
Laurel Beltran,Consumer
Ed Braxton,Consumer
Theresa Swint,Consumer
Ken Brennan,Consumer
Emily Ducich,Consumer
Dennis Kane,Small Business
Kelly Collister,Consumer
Edward Nazzal,Home Office
Vicky Freymann,Home Office
Tim Brockman,Consumer
Marc Crier,Corporate
James Galang,Consumer
Joni Blumstein,Consumer
Philip Brown,Home Office
Bobby Odegard,Consumer
Carol Triggs,Corporate
Yoseph Carroll,Consumer
Cindy Stewart,Corporate
Erica Bern,Corporate
Cari MacIntyre,Corporate
Eugene Barchas,Home Office
Greg Tran,Home Office
Guy Phonely,Corporate
Brendan Dodson,Corporate
Todd Boyes,Consumer
Ken Black,Consumer
Pauline Johnson,Corporate
Dionis Lloyd,Small Business
Eleni McCrary,Home Office
Catherine Glotzbach,Home Office
Heather Kirkland,Home Office
Chris McAfee,Consumer
Sandra Flanagan,Corporate
Alan Hwang,Corporate
Ann Chong,Corporate
Ed Ludwig,Consumer
Carl Jackson,Corporate
Tonja Turnell,Consumer
Lisa DeCherney,Consumer
Katherine Hughes,Consumer
Jas O'Carroll,Home Office
Ivan Liston,Consumer
Candace McMahon,Corporate
Harold Dahlen,Corporate
Jenna Caffey,Consumer
Chuck Sachs,Consumer
Juliana Krohn,Corporate
Amy Hunt,Consumer
Sung Shariari,Corporate
Darren Budd,Consumer
Henry Goldwyn,Small Business
Tracy Poddar,Corporate
Dean Katz,Home Office
Rachel Payne,Home Office
Pamela Stobb,Consumer
Chloris Kastensmidt,Consumer
Sharelle Roach,Home Office
Stewart Visinsky,Corporate
Shahid Hopkins,Small Business
Ralph Kennedy,Corporate
Erica Bern,Small Business
Neil French,Consumer
Tom Prescott,Small Business
Christopher Conant,Home Office
Justin Hirsh,Consumer
Sally Knutson,Consumer
Greg Maxwell,Home Office
Mitch Webber,Corporate
Magdelene Morse,Home Office
Sylvia Foulston,Consumer
Beth Paige,Consumer
Jocasta Rupert,Consumer
Clay Cheatham,Small Business
Alyssa Crouse,Corporate
Giulietta Dortch,Corporate
Ann Blume,Small Business
Julia West,Corporate
Helen Wasserman,Corporate
Jane Waco,Corporate
Barry Pond,Consumer
Matt Connell,Corporate
Alan Haines,Consumer
Nora Paige,Consumer
Jennifer Ferguson,Home Office
Lisa Ryan,Home Office
Grant Carroll,Small Business
Katrina Bavinger,Consumer
Tiffany House,Corporate
Harold Pawlan,Small Business
Raymond Book,Consumer
Michelle Ellison,Small Business
Cindy Chapman,Corporate
Karl Brown,Corporate
Tony Sayre,Home Office
Peter Fuller,Consumer
Theresa Coyne,Home Office
Evan Henry,Corporate
Meg O'Connel,Corporate
Hunter Lopez,Consumer
Jasper Cacioppo,Home Office
Toby Knight,Corporate
Carlos Daly,Home Office
Tracy Collins,Corporate
Larry Tron,Home Office
Ritsa Hightower,Corporate
Arthur Prichep,Home Office
Cynthia Voltz,Corporate
Jack O'Briant,Consumer
Michelle Huthwaite,Home Office
Paul Van Hugh,Consumer
Cynthia Arntzen,Small Business
Heather Jas,Corporate
Mike Vittorini,Small Business
Brian Stugart,Corporate
Patrick O'Donnell,Home Office
Anna Gayman,Corporate
Julia Barnett,Home Office
Annie Cyprus,Home Office
Amy Cox,Home Office
Justin Ellison,Home Office
Deanra Eno,Corporate
Arthur Gainer,Consumer
Sean Miller,Small Business
Beth Thompson,Corporate
Dan Reichenbach,Corporate
Victoria Wilson,Home Office
Dan Campbell,Small Business
Dean Braden,Corporate
Maya Herman,Corporate
Tamara Willingham,Corporate
Darrin Martin,Small Business
Toby Grace,Home Office
Jennifer Jackson,Home Office
Dave Hallsten,Corporate
Barbara Fisher,Small Business
Khloe Miller,Corporate
Duane Noonan,Corporate
Gene McClure,Consumer
George Zrebassa,Small Business
Ellis Ballard,Corporate
Noah Childs,Home Office
Liz Pelletier,Corporate
Andrew Gjertsen,Consumer
Michelle Lonsdale,Home Office
Ben Peterman,Corporate
Anthony O'Donnell,Consumer
Carol Darley,Small Business
Dianna Arnett,Home Office
Naresj Patel,Small Business
Duane Huffman,Consumer
Matt Abelman,Small Business
Frank Price,Corporate
Charles McCrossin,Corporate
Emily Burns,Home Office
John Lucas,Corporate
David Philippe,Consumer
Peter McVee,Small Business
Anthony Witt,Corporate
Cari Schnelling,Small Business
Thais Sissman,Small Business
Clay Rozendal,Corporate
Phillip Breyer,Corporate
Steven Roelle,Small Business
Elizabeth Moffitt,Consumer
Herbert Flentye,Small Business
Nona Balk,Corporate
Sean O'Donnell,Corporate
Grace Kelly,Consumer
George Zrebassa,Home Office
Nat Carroll,Home Office
Erin Smith,Home Office
Scot Wooten,Corporate
Alex Avila,Corporate
Eric Barreto,Consumer
Nick Crebassa,Corporate
Duane Huffman,Small Business
Tom Ashbrook,Home Office
Daniel Lacy,Small Business
Mick Crebagga,Home Office
Karen Daniels,Consumer
Berenike Kampe,Corporate
Aleksandra Gannaway,Home Office
Muhammed Yedwab,Consumer
Christopher Martinez,Home Office
Amy Cox,Corporate
Peter Fuller,Corporate
Adam Shillingsburg,Corporate
Don Miller,Home Office
Linda Cazamias,Corporate
Denny Joy,Corporate
Andy Gerbode,Consumer
Patrick Jones,Home Office
Stuart Van,Consumer
Ross Baird,Corporate
Clay Ludtke,Consumer
Daniel Byrd,Home Office
Brenda Bowman,Small Business
Matt Collins,Consumer
Pete Armstrong,Consumer
Justin MacKendrick,Corporate
Michael Stewart,Small Business
Michael Oakman,Small Business
Marc Harrigan,Home Office
Cathy Armstrong,Consumer
Cari Schnelling,Home Office
Jim Karlsson,Small Business
Cynthia Delaney,Corporate
Cari Sayre,Home Office
Fred Hopkins,Home Office
Julia Barnett,Corporate
Joni Blumstein,Home Office
Brad Norvell,Corporate
Clytie Kelty,Small Business
Sean Braxton,Small Business
Pete Takahito,Corporate
Corey Catlett,Home Office
Ken Brennan,Home Office
Jack Garza,Corporate
Adrian Shami,Consumer
Janet Lee,Consumer
Liz Willingham,Corporate
Denise Monton,Home Office
Steve Carroll,Consumer
Julia Dunbar,Consumer
Don Weiss,Corporate
Sally Hughsby,Home Office
Christopher Martinez,Small Business
Allen Armold,Home Office
Bryan Mills,Small Business
Eric Barreto,Small Business
Janet Martin,Corporate
Barry Weirich,Corporate
Trudy Schmidt,Small Business
Evan Bailliet,Corporate
Jim Kriz,Consumer
John Huston,Consumer
Lindsay Castell,Corporate
Ken Lonsdale,Consumer
Cyra Reiten,Consumer
Erica Hernandez,Small Business
Barry Blumstein,Small Business
Harold Ryan,Home Office
Jay Fine,Consumer
Parhena Norris,Home Office
Laurel Elliston,Corporate
Robert Dilbeck,Corporate
Mike Pelletier,Corporate
Robert Marley,Corporate
Alan Hwang,Small Business
Max Jones,Home Office
Maria Zettner,Corporate
Tanja Norvell,Consumer
Carlos Meador,Corporate
Christopher Schild,Corporate
Anne Pryor,Home Office
Lena Creighton,Corporate
Bart Watters,Corporate
Sheri Gordon,Corporate
Erica Hackney,Small Business
Becky Pak,Corporate
Dianna Vittorini,Corporate
Cathy Prescott,Corporate
Troy Blackwell,Home Office
Eugene Barchas,Corporate
Brendan Murry,Corporate
Chad Cunningham,Small Business
Mathew Reese,Small Business
Suzanne McNair,Corporate
Meg O'Connel,Small Business
Helen Abelman,Home Office
Ruben Dartt,Corporate
Anthony Johnson,Small Business
Roy Phan,Consumer
Maribeth Schnelling,Corporate
Kimberly Carter,Small Business
Tamara Dahlen,Corporate
David Flashing,Home Office
Sally Knutson,Small Business
Karen Ferguson,Home Office
Carl Ludwig,Corporate
Penelope Sewall,Home Office
Sarah Foster,Corporate
Doug O'Connell,Small Business
Dana Kaydos,Corporate
Sonia Cooley,Corporate
Brosina Hoffman,Consumer
Craig Carroll,Corporate
Liz Price,Corporate
Skye Norling,Home Office
Anthony Jacobs,Home Office
Robert Waldorf,Home Office
Jas O'Carroll,Corporate
George Ashbrook,Consumer
Toby Carlisle,Home Office
Luke Foster,Corporate
Sam Zeldin,Small Business
Christina Vanderzanden,Small Business
Brendan Sweed,Consumer
Lori Olson,Consumer
Ben Wallace,Home Office
Emily Phan,Consumer
Ken Dana,Small Business
Vivek Sundaresam,Home Office
Ashley Jarboe,Small Business
Bobby Elias,Small Business
Meg Tillman,Small Business
Anthony Garverick,Small Business
Laurel Workman,Home Office
Linda Southworth,Consumer
Katherine Nockton,Corporate
Helen Andreada,Corporate
Maureen Fritzler,Corporate
Jill Matthias,Consumer
Patrick Ryan,Corporate
Susan Vittorini,Corporate
John Grady,Corporate
Brian DeCherney,Corporate
Mike Kennedy,Small Business
Harry Greene,Corporate
Larry Blacks,Consumer
Patrick Gardner,Consumer
Julie Prescott,Home Office
Cynthia Arntzen,Home Office
Steven Cartwright,Home Office
Joseph Airdo,Corporate
Mark Haberlin,Small Business
Sally Hughsby,Consumer
Vivek Grady,Corporate
Deirdre Greer,Home Office
Michael Granlund,Corporate
Alejandro Grove,Corporate
Darren Powers,Corporate
Carlos Daly,Corporate
Eric Hoffmann,Small Business
George Ashbrook,Small Business
Nora Pelletier,Home Office
Adrian Hane,Corporate
Alyssa Crouse,Home Office
Brad Thomas,Home Office
Steve Nguyen,Small Business
Michelle Tran,Consumer
Theresa Swint,Small Business
Edward Nazzal,Small Business
Tom Stivers,Corporate
Sally Knutson,Home Office
Shahid Shariari,Corporate
Ed Braxton,Home Office
William Brown,Home Office
Sam Craven,Home Office
Bobby Trafton,Small Business
Filia McAdams,Small Business
Deborah Brumfield,Small Business
Carlos Soltero,Small Business
Nathan Mautz,Corporate
Jessica Myrick,Small Business
Lycoris Saunders,Home Office
Christina DeMoss,Home Office
Scott Cohen,Consumer
Rob Lucas,Small Business
Paul Prost,Corporate
Theresa Swint,Home Office
Matthew Grinstein,Small Business
Max Ludwig,Corporate
Maris LaWare,Home Office
Christine Kargatis,Small Business
Deborah Brumfield,Corporate
David Bremer,Corporate
Joseph Holt,Home Office
Jack Lebron,Corporate
Todd Sumrall,Consumer
Paul MacIntyre,Corporate
Arthur Prichep,Small Business
Ralph Knight,Consumer
David Flashing,Consumer
Alan Shonely,Small Business
Raymond Fair,Small Business
Sally Matthias,Home Office
Sandra Glassco,Home Office
Pete Kriz,Corporate
Chuck Clark,Corporate
Amy Hunt,Home Office
Benjamin Farhat,Home Office
Amy Cox,Small Business
Brenda Bowman,Home Office
Michelle Arnett,Home Office
Bradley Nguyen,Corporate
Brooke Gillingham,Small Business
Corey Lock,Home Office
Russell Applegate,Home Office
Vivian Mathis,Consumer
Stefanie Holloman,Small Business
Maurice Satty,Corporate
Michelle Lonsdale,Corporate
Russell D'Ascenzo,Consumer
Roy Collins,Corporate
Ruben Ausman,Corporate
Ivan Gibson,Corporate
Anne McFarland,Consumer
Denise Leinenbach,Corporate
Dorris Love,Home Office
Nathan Cano,Consumer
Cathy Hwang,Home Office
Craig Carroll,Small Business
Seth Vernon,Home Office
Katrina Edelman,Corporate
Olvera Toch,Home Office
Alan Barnes,Corporate
Chris Selesnick,Home Office
Daniel Raglin,Corporate
Darren Budd,Home Office
Barry Gonzalez,Consumer
Barry French,Consumer
Nick Zandusky,Small Business
Matt Abelman,Home Office
